{
    "mocap_top": [
        [
            3.842000552299297,
            39.3716310788608,
            14.079045195284747
        ],
        [
            5.72921146454393,
            23.69473632373606,
            18.72415998112397
        ],
        [
            11.640092844088937,
            26.139827835434637,
            -5.9021176499855565
        ],
        [
            3.6734955038987307,
            33.67130220638503,
            -29.262091768541783
        ]
    ],
    "mocap_bottom": [
        [
            -189.66471216875593,
            -17.985480803331484,
            -42.34532886432208
        ],
        [
            -196.6622221220168,
            25.412275755486093,
            25.28620188579615
        ],
        [
            -39.49437924379225,
            34.1761745244777,
            16.840734784339194
        ],
        [
            -38.152283977589335,
            6.274900853447487,
            -29.913528048381213
        ],
        [
            -39.586066439163176,
            -1.8532395130007298,
            6.8787874929555075
        ]
    ],
    "bbox_top": [
        [
            8.066728302546794,
            55.687355246371666,
            -22.70596318217675
        ],
        [
            16.154605412862928,
            6.416047552966707,
            -35.77331498575768
        ],
        [
            3.5224171803200917,
            4.4891708090674,
            -36.32644045511394
        ],
        [
            -4.565459929996012,
            53.76047850247234,
            -23.259088651533006
        ],
        [
            7.911896684794141,
            43.03055883908552,
            24.921480484184315
        ],
        [
            15.999773795110276,
            -6.24074885431944,
            11.85412868060338
        ],
        [
            3.3675855625674354,
            -8.167625598218716,
            11.301003211247135
        ],
        [
            -4.720291547748665,
            41.103682095186194,
            24.368355014828076
        ]
    ],
    "bbox_bottom": [
        [
            -197.92371342071525,
            1.9980383615678659,
            44.20965813763926
        ],
        [
            10.112847614657035,
            22.2782765280074,
            44.00648663037634
        ],
        [
            5.592418020099849,
            68.38800667483322,
            17.928590151408883
        ],
        [
            -202.44414301527243,
            48.107768508393725,
            18.131761658671802
        ],
        [
            -193.76076454237096,
            -41.483322397542004,
            -33.393683076038855
        ],
        [
            14.2757964930013,
            -21.203084231102505,
            -33.5968545833018
        ],
        [
            9.755366898444084,
            24.906645915723345,
            -59.674751062269266
        ],
        [
            -198.28119413692818,
            4.626407749283844,
            -59.47157955500633
        ]
    ],
    "keypoints_top": [
        [
            11.313208097931446,
            22.583099018382587,
            -5.976282403404181
        ],
        [
            -2.4025386867397227,
            47.73601405416784,
            -0.7460019995590441
        ],
        [
            -0.46893671359949,
            36.88376617764749,
            -26.2762527962077
        ],
        [
            0.4532430027424283,
            26.98049548784595,
            18.58771973110204
        ],
        [
            7.3015717237286815,
            -3.5634863686558576,
            -3.545597840964233
        ],
        [
            3.0296514015774023,
            12.33322165529776,
            -26.410869082656564
        ],
        [
            12.101548606552074,
            10.374296152830135,
            12.314613467452418
        ],
        [
            9.241082985784436,
            39.74737110476856,
            -11.343388542204554
        ],
        [
            9.48842912758733,
            36.612867864355614,
            6.036069313830997
        ],
        [
            13.888712694098093,
            7.421908289108913,
            -14.317230186571294
        ],
        [
            11.354030845783463,
            26.4113955767416,
            -22.13217430617853
        ],
        [
            11.295601898351059,
            23.416527431328866,
            8.775234789332746
        ],
        [
            13.366059039500577,
            9.857017375005876,
            -1.012187038054466
        ],
        [
            -1.7117177929453173,
            41.43786761541255,
            11.063795818577848
        ],
        [
            0.959160950161224,
            24.999602386195857,
            -29.297726144815606
        ],
        [
            3.709497612378155,
            3.924945572093645,
            5.994780339696032
        ]
    ],
    "keypoints_bottom": [
        [
            -131.76144666284867,
            -13.968114000577717,
            -0.1808495383594144
        ],
        [
            8.575468270238655,
            30.570138977357523,
            -8.427314556971682
        ],
        [
            -71.84970149439839,
            43.662839573098886,
            15.495806594314784
        ],
        [
            -198.3286263378254,
            32.88932142906078,
            12.45235744668864
        ],
        [
            -189.1600468658582,
            -10.813746394145072,
            -46.33828657514341
        ],
        [
            -72.50339986559204,
            -1.893131490249054,
            -42.172816547584006
        ],
        [
            -130.2360463340235,
            40.65915553271207,
            20.073176738940724
        ],
        [
            -37.342479528168006,
            -2.685463260791825,
            4.300088244252098
        ],
        [
            -158.43349891069028,
            26.615704110762174,
            -23.20333675235808
        ],
        [
            -184.69613105488756,
            -17.092337694120506,
            5.615194904942945
        ],
        [
            -106.60382490470131,
            31.165922477433693,
            -24.120014917480244
        ],
        [
            -39.07564395750219,
            39.42772363013851,
            -22.83159385587553
        ],
        [
            -85.5687584842956,
            -3.18513438692322,
            10.025692763463827
        ],
        [
            -129.69497435022356,
            -4.755557153552342,
            -47.6902919798045
        ],
        [
            -163.16587307901708,
            12.942341277506575,
            30.10507670012315
        ],
        [
            -24.673891795488906,
            34.06277401255017,
            13.829714299780596
        ]
    ]
}
