{
    "mocap_top": [
        [
            202.01679531056192,
            153.43937017276477,
            2.6080007460992825
        ],
        [
            92.23072305498486,
            43.21593566907601,
            -93.20007762252806
        ],
        [
            23.434963929928355,
            -18.151181274781166,
            -91.49014901003088
        ],
        [
            22.05067902241095,
            -17.59537119101249,
            241.0770664860199
        ],
        [
            136.14121842751405,
            82.00202507150928,
            241.39839809720883
        ]
    ],
    "mocap_bottom": [
        [
            -0.7637776917696634,
            16.698612116971713,
            -96.49368224111616
        ],
        [
            -20.365678156270654,
            26.44024655278532,
            -86.92558521120422
        ],
        [
            -22.59671099116542,
            28.233077337029776,
            235.69029387558356
        ],
        [
            98.77328128966161,
            155.34606940126807,
            244.42279965073038
        ]
    ],
    "bbox_top": [
        [
            191.1947971281097,
            172.9027684746556,
            -93.75001423063571
        ],
        [
            188.10655999496882,
            172.42914916853772,
            246.0379801592998
        ],
        [
            210.59955255138763,
            147.20591064019663,
            246.20725644678168
        ],
        [
            213.6877896845286,
            147.67952994631463,
            -93.58073794315376
        ],
        [
            0.491435777796198,
            2.828556302178037,
            -95.72032450459433
        ],
        [
            -2.5968013553447626,
            2.3549369960600823,
            244.06766988534108
        ],
        [
            19.896191201074128,
            -22.868301532280896,
            244.23694617282302
        ],
        [
            22.984428334215078,
            -22.394682226162978,
            -95.55104821711242
        ]
    ],
    "bbox_bottom": [
        [
            138.8430429289819,
            231.16055869051766,
            -97.77702446397592
        ],
        [
            135.96300909304324,
            231.73613398384572,
            245.98830627094566
        ],
        [
            192.31873497105542,
            168.0940044024457,
            246.56700695677924
        ],
        [
            195.19876880699405,
            167.51842910911768,
            -97.19832377814235
        ],
        [
            -52.407502091682076,
            61.79434656859941,
            -99.09572096356197
        ],
        [
            -55.287535927620674,
            62.36992186192749,
            244.6696097713596
        ],
        [
            1.0681899503915226,
            -1.272207719472487,
            245.24831045719318
        ],
        [
            3.9482237863301384,
            -1.8477830128005743,
            -98.51702027772838
        ]
    ],
    "keypoints_top": [
        [
            202.77663187949292,
            142.2472086456201,
            56.721044852528784
        ],
        [
            7.681062977355846,
            -5.974464757044421,
            242.9030908084809
        ],
        [
            5.601174359883626,
            -2.080126777629193,
            -92.68643374123329
        ],
        [
            149.64629179215106,
            128.8038706970958,
            244.60342326331073
        ],
        [
            69.72258994249547,
            23.10782352642743,
            74.19520030873423
        ],
        [
            130.85585124835342,
            114.34710910055412,
            -93.60972525440677
        ],
        [
            96.09377916357951,
            46.84747022123434,
            183.94752576555126
        ],
        [
            85.78880978159143,
            37.52941392715832,
            -33.44176383312842
        ],
        [
            189.01833113199947,
            166.31255611549483,
            156.50866249111235
        ],
        [
            6.996598685030087,
            -5.804829444298935,
            145.5421049580363
        ],
        [
            138.73672037973637,
            84.62510159477917,
            104.51889253283892
        ],
        [
            206.44869616732663,
            147.74160119054784,
            -42.61410196917021
        ],
        [
            6.123753184700057,
            -4.143573581688768,
            4.392321090103158
        ],
        [
            146.07136784066861,
            96.51951058922798,
            2.7441509139031854
        ],
        [
            151.64909319504977,
            101.19656715183575,
            175.65947618956105
        ],
        [
            55.83101562488621,
            48.290587307597455,
            243.1640253360919
        ]
    ],
    "keypoints_bottom": [
        [
            126.90616820478533,
            163.36901895610055,
            236.0744333000096
        ],
        [
            -47.241954459415865,
            59.04266939823975,
            -94.16011599590115
        ],
        [
            189.64345293653503,
            168.50895525090715,
            -26.922164883538514
        ],
        [
            -3.7890238286233284,
            8.729333356563478,
            126.402356599755
        ],
        [
            60.68002081495002,
            160.373101811377,
            80.46570351445065
        ],
        [
            -7.7096559184800535,
            100.23881447680125,
            241.0177524371403
        ],
        [
            59.979576419110735,
            158.87064488201466,
            -93.35285966742795
        ],
        [
            189.43313015608348,
            167.68426470037568,
            117.18142927995244
        ],
        [
            -26.212863870821003,
            82.72726572908655,
            28.613469053796262
        ],
        [
            59.792648765773734,
            51.67069062327272,
            -85.97461495584629
        ],
        [
            137.51445978957577,
            226.90099766864327,
            44.96791076883314
        ],
        [
            136.70637204696254,
            226.6047437367595,
            -94.04385862128828
        ],
        [
            0.6085064415658838,
            107.19595099942995,
            139.36896403395906
        ],
        [
            -1.314136508359094,
            5.787107389721218,
            -25.182739105478426
        ],
        [
            85.58610793776765,
            74.50722860981236,
            237.64374074270526
        ],
        [
            7.964976838828609,
            7.994037006145296,
            221.75706325888865
        ]
    ]
}
