{
    "mocap_top": [
        [
            49.565375268008914,
            -9.161870465718112,
            -1.1268145258851199
        ],
        [
            70.74721408871946,
            -0.10469030485387208,
            -31.389588070393238
        ],
        [
            44.38405106550085,
            -9.60656847709701,
            88.86289097989423
        ],
        [
            96.21380731539931,
            3.6202666465434628,
            132.48795411160216
        ]
    ],
    "mocap_bottom": [
        [
            5.529459692452856,
            11.669378904277728,
            79.35504546876535
        ],
        [
            6.9655210555747615,
            11.446528462137119,
            16.064220938626786
        ],
        [
            116.89433139850341,
            19.89692788128354,
            -34.914660682772215
        ],
        [
            47.38546763827165,
            16.726963344477642,
            112.25527143455417
        ]
    ],
    "bbox_top": [
        [
            6.787056295833719,
            -44.086928423995616,
            136.7616158576737
        ],
        [
            207.4982775836777,
            -10.19832375468515,
            130.45830126500448
        ],
        [
            199.7700456180226,
            35.54824020386825,
            130.32254929087713
        ],
        [
            -0.9411756698213203,
            1.6596355345579905,
            136.62586388354637
        ],
        [
            1.6193525206086035,
            -45.47030949778718,
            -35.226603900965024
        ],
        [
            202.33057380845258,
            -11.581704828476942,
            -41.52991849363425
        ],
        [
            194.60234184279747,
            34.16485913007669,
            -41.665670467761586
        ],
        [
            -6.108879445046441,
            0.2762544607664311,
            -35.362355875092334
        ]
    ],
    "bbox_bottom": [
        [
            187.7823081044883,
            22.518532399486112,
            -39.16232115866869
        ],
        [
            -0.7256980615741003,
            -5.904084235413876,
            -42.21671364748516
        ],
        [
            -3.9706587464029495,
            15.633565761893705,
            -42.36584142719102
        ],
        [
            184.53734741965957,
            44.056182396793886,
            -39.31144893837446
        ],
        [
            184.88087299298132,
            23.272669478651487,
            132.88785170114426
        ],
        [
            -3.6271331730811847,
            -5.149947156248704,
            129.83345921232774
        ],
        [
            -6.872093857910017,
            16.387702841058868,
            129.68433143262192
        ],
        [
            181.63591230815248,
            44.810319475959055,
            132.73872392143844
        ]
    ],
    "keypoints_top": [
        [
            38.177518998233865,
            -1.1240454456287177,
            25.60432286207495
        ],
        [
            199.30785829027263,
            11.765346452315098,
            55.64420471670518
        ],
        [
            101.45189552459073,
            1.7698958042097401,
            132.49424675708138
        ],
        [
            132.1740619260297,
            8.29374269402315,
            -32.37977752338801
        ],
        [
            117.10637742496452,
            2.1626910946350324,
            50.804800140252496
        ],
        [
            37.0963416821931,
            -7.256558110397659,
            98.54303832676428
        ],
        [
            158.12578178214847,
            23.345872454041945,
            106.1938582745454
        ],
        [
            69.59279184602575,
            -3.7603882605576207,
            -29.67701205275355
        ],
        [
            170.948037568961,
            26.626046824777838,
            7.39017313385593
        ],
        [
            1.1417673316705483,
            -14.971665491740936,
            61.047358304814836
        ],
        [
            162.15983755647324,
            -15.376266190567309,
            35.00955848937196
        ],
        [
            83.97972305252888,
            5.668009320950872,
            87.12340749892724
        ],
        [
            100.86021619339186,
            8.591378715907654,
            4.781245682724295
        ],
        [
            155.44637378208515,
            17.315457781957072,
            63.011083327327576
        ],
        [
            74.97076860389907,
            -4.69913527677882,
            46.6076140676074
        ],
        [
            124.25437523738586,
            3.338570256577842,
            93.09050483135258
        ]
    ],
    "keypoints_bottom": [
        [
            13.509821510799206,
            4.086705256891769,
            50.60290950864066
        ],
        [
            183.42805710070635,
            39.750607949146605,
            40.52359067494082
        ],
        [
            102.04519404267883,
            29.04050083737436,
            130.77434855032828
        ],
        [
            93.59261826549853,
            21.736082606159677,
            -38.925956723512364
        ],
        [
            95.13393520695804,
            29.53427597447697,
            45.93932246497673
        ],
        [
            162.10274846282238,
            24.468183177134517,
            101.61726630956723
        ],
        [
            155.40377613012086,
            29.693898388833265,
            -18.204643188315252
        ],
        [
            42.017372374980326,
            19.764528385191227,
            107.75431547733793
        ],
        [
            36.531286496082046,
            18.740550245858078,
            -8.765543307701105
        ],
        [
            140.99654682546185,
            26.14540363446548,
            59.150654410349276
        ],
        [
            114.83781800932093,
            22.44532241958701,
            3.8788587844950317
        ],
        [
            84.12484924661136,
            18.22252776463352,
            89.32221639630171
        ],
        [
            51.86963732190542,
            23.097033240045622,
            33.99502259906421
        ],
        [
            122.63830651215926,
            33.6622911321695,
            94.93608440726742
        ],
        [
            75.4339412757337,
            26.67955362439738,
            -2.9007674777717827
        ],
        [
            147.914800582584,
            37.60965569816188,
            21.54131626736157
        ]
    ]
}
