{
  "ring_biotac_tip": [
    [
      0.05730917304754257,
      0.014625873416662216,
      0.0002905223227571696
    ]
  ],
  "ring_link_3": [
    [
      0.015166999772191048,
      0.007012641057372093,
      0.00013949518324807286
    ]
  ],
  "ring_link_2": [
    [
      0.022799713537096977,
      0.009800000116229057,
      -0.0002519938279874623
    ]
  ],
  "ring_link_1": [
    [
      0.03831842914223671,
      0.009800000116229057,
      0.0005636639543808997
    ]
  ],
  "middle_biotac_tip": [
    [
      0.05897991731762886,
      0.013744598254561424,
      0.00011508304305607453
    ]
  ],
  "middle_link_3": [
    [
      0.015166999772191048,
      0.007531726732850075,
      0.0018534159753471613
    ]
  ],
  "middle_link_2": [
    [
      0.023643426597118378,
      0.009800000116229057,
      -0.00021755980560556054
    ]
  ],
  "middle_link_1": [
    [
      0.03902561217546463,
      0.009800000116229057,
      0.0001677949185250327
    ]
  ],
  "index_biotac_tip": [
    [
      0.057800762355327606,
      0.014409688301384449,
      -3.155440253976849e-06
    ]
  ],
  "index_link_3": [
    [
      0.013635794632136822,
      0.008484000340104103,
      -0.0012376345694065094
    ]
  ],
  "index_link_2": [
    [
      0.022371230646967888,
      0.009800000116229057,
      -0.0007673722575418651
    ]
  ],
  "index_link_1": [
    [
      0.03755133971571922,
      0.009800000116229057,
      -0.0013626408763229847
    ]
  ],
  "ring_link_0": [
    [
      0.009800000116229057,
      0.0006971978582441807,
      -0.014983680099248886
    ]
  ],
  "middle_link_0": [
    [
      0.009800000116229057,
      -0.002573538338765502,
      -0.014920677058398724
    ]
  ],
  "index_link_0": [
    [
      0.009800000116229057,
      -0.0016024315264075994,
      -0.013113003224134445
    ]
  ],
  "palm_link": [
    [
      -0.007114032283425331,
      0.0163742545992136,
      -0.003000000026077032
    ]
  ],
  "thumb_biotac_tip": [
    [
      0.07244126498699188,
      0.014571630395948887,
      -5.655181666952558e-05
    ]
  ],
  "thumb_link_3": [
    [
      0.031021587550640106,
      0.009606000036001205,
      -0.0011319189798086882
    ]
  ],
  "thumb_link_2": [
    [
      0.024765660986304283,
      0.009687448851764202,
      0.0036236608866602182
    ]
  ],
  "thumb_link_1": [
    [
      0.003286811290308833,
      -0.009800000116229057,
      0.04274525120854378
    ]
  ],
  "thumb_link_0": [
    [
      0.025196155533194542,
      -0.016425903886556625,
      -0.002530271653085947
    ]
  ]
}