{
  "robot0:ffdistal": [
    [
      -0.0020825443789362907,
      -0.005909642204642296,
      0.02720601111650467
    ]
  ],
  "robot0:ffmiddle": [
    [
      -0.0022607441060245037,
      -0.00771178025752306,
      0.017363881692290306
    ]
  ],
  "robot0:ffproximal": [
    [
      -0.001998488325625658,
      -0.009782717563211918,
      0.023446099832654
    ]
  ],
  "robot0:mfdistal": [
    [
      -0.0008431085734628141,
      -0.006902384106069803,
      0.025111032649874687
    ]
  ],
  "robot0:mfmiddle": [
    [
      0.0007869413238950074,
      -0.008001008071005344,
      0.014501230791211128
    ]
  ],
  "robot0:mfproximal": [
    [
      -0.0005038226954638958,
      -0.00996241346001625,
      0.02067570760846138
    ]
  ],
  "robot0:rfdistal": [
    [
      -0.0005738826585002244,
      -0.005753518547862768,
      0.028017299249768257
    ]
  ],
  "robot0:rfmiddle": [
    [
      0.00017484533600509167,
      -0.008031078614294529,
      0.017413439229130745
    ]
  ],
  "robot0:rfproximal": [
    [
      0.0010857234010472894,
      -0.009923229925334454,
      0.022649487480521202
    ]
  ],
  "robot0:lfdistal": [
    [
      -6.225550168892369e-05,
      -0.006391898728907108,
      0.026952296495437622
    ]
  ],
  "robot0:lfmiddle": [
    [
      0.00048795671318657696,
      -0.008015695959329605,
      0.01532675325870514
    ]
  ],
  "robot0:lfproximal": [
    [
      -3.458802530076355e-05,
      -0.009985465556383133,
      0.024231305345892906
    ]
  ],
  "robot0:lfmetacarpal": [
    [
      -0.015246459282934666,
      -0.011099999770522118,
      0.011958785355091095
    ]
  ],
  "robot0:palm": [
    [
      -0.004067011643201113,
      -0.011099999770522118,
      0.04330439865589142
    ]
  ],
  "robot0:thdistal": [
    [
      -0.008669624105095863,
      0.001283944584429264,
      0.028658585622906685
    ]
  ],
  "robot0:thmiddle": [
    [
      -0.010944274254143238,
      -0.0008469400345347822,
      0.021146481856703758
    ]
  ],
  "robot0:thproximal": [
    [
      -0.012653367593884468,
      -0.002854196820408106,
      0.0285058431327343
    ]
  ]
}