{
  "pip_3": [
    [
      0.017029263079166412,
      -0.0005068362224847078,
      -0.02199999988079071
    ]
  ],
  "dip_3": [
    [
      -0.009499999694526196,
      -0.04195379093289375,
      0.017085496336221695
    ]
  ],
  "fingertip_3": [
    [
      -0.011264650151133537,
      -0.03889886289834976,
      0.014249129220843315
    ],
    [
      -0.002881182124838233,
      -0.05009765177965164,
      0.014309562742710114
    ]
  ],
  "fingertip_2": [
    [
      -0.0031093480065464973,
      -0.05009765177965164,
      0.014909585006535053
    ],
    [
      -0.011264650151133537,
      -0.04156006872653961,
      0.01520138792693615
    ]
  ],
  "dip_2": [
    [
      -0.009499999694526196,
      -0.04201691970229149,
      0.014996752142906189
    ]
  ],
  "pip_2": [
    [
      0.015417838469147682,
      0.0003194552264176309,
      -0.02199999988079071
    ]
  ],
  "pip": [
    [
      0.016884377226233482,
      -0.0014579977141693234,
      -0.02199999988079071
    ]
  ],
  "dip": [
    [
      -0.009499999694526196,
      -0.03758629783987999,
      0.015875518321990967
    ]
  ],
  "fingertip": [
    [
      -0.011264650151133537,
      -0.036934640258550644,
      0.014889916405081749
    ],
    [
      -0.00626946659758687,
      -0.05009732395410538,
      0.012802342884242535
    ]
  ],
  "thumb_dip": [
    [
      0.009999999776482582,
      0.011741693131625652,
      -0.020064549520611763
    ]
  ],
  "thumb_fingertip": [
    [
      -0.009999999776482582,
      -0.012765577994287014,
      -0.020411457866430283
    ],
    [
      -0.011265000328421593,
      -0.05101096257567406,
      -0.013921793550252914
    ],
    [
      -0.005833473056554794,
      -0.062078699469566345,
      -0.012155985459685326
    ]
  ]
}