{
  "pip_3": [
    [
      0.016402525827288628,
      -0.001163193373940885,
      -0.02199999988079071
    ]
  ],
  "dip_3": [
    [
      -0.009499999694526196,
      -0.035578545182943344,
      0.01673480123281479
    ]
  ],
  "fingertip_3": [
    [
      -0.011264650151133537,
      -0.04128725081682205,
      0.014688029885292053
    ]
  ],
  "pip_2": [
    [
      0.017664039507508278,
      -0.00021156505681574345,
      -0.02199999988079071
    ]
  ],
  "dip_2": [
    [
      -0.009499999694526196,
      -0.03801901638507843,
      0.013724852353334427
    ]
  ],
  "fingertip_2": [
    [
      -0.011264650151133537,
      -0.039803970605134964,
      0.013065116479992867
    ]
  ],
  "pip": [
    [
      0.020023660734295845,
      5.875665010535158e-05,
      -0.02199999988079071
    ]
  ],
  "dip": [
    [
      -0.009499999694526196,
      -0.03697905316948891,
      0.013612153008580208
    ]
  ],
  "fingertip": [
    [
      -0.011264650151133537,
      -0.039301685988903046,
      0.01328318566083908
    ]
  ],
  "thumb_dip": [
    [
      0.009999999776482582,
      0.0237722247838974,
      -0.016089966520667076
    ]
  ],
  "thumb_fingertip": [
    [
      -0.009999999776482582,
      -0.020858891308307648,
      -0.017175255343317986
    ],
    [
      -0.011265000328421593,
      -0.05101096257567406,
      -0.013921793550252914
    ]
  ]
}