{
  "base_link": [
    [
      0.011699999682605267,
      -0.002136529888957739,
      -0.02306170016527176
    ]
  ],
  "link_8.0": [
    [
      0.009800000116229057,
      0.00012341329420451075,
      0.00836760550737381
    ]
  ],
  "link_9.0": [
    [
      0.009800000116229057,
      -0.0006590086268261075,
      0.034494537860155106
    ]
  ],
  "link_10.0": [
    [
      0.009800000116229057,
      -5.296976087265648e-05,
      0.019703105092048645
    ]
  ],
  "link_11.0": [
    [
      0.009800000116229057,
      0.001437914790585637,
      0.005266702268272638
    ]
  ],
  "link_11.0_tip": [
    [
      0.0117531418800354,
      0.002259176457300782,
      0.00011182900925632566
    ]
  ],
  "link_4.0": [
    [
      0.009800000116229057,
      0.00171683169901371,
      0.011606140993535519
    ]
  ],
  "link_5.0": [
    [
      0.009800000116229057,
      -0.00046994152944535017,
      0.031205909326672554
    ]
  ],
  "link_6.0": [
    [
      0.009800000116229057,
      0.0014029188314452767,
      0.020410457625985146
    ]
  ],
  "link_7.0": [
    [
      0.009800000116229057,
      0.00064504100009799,
      0.005402536131441593
    ]
  ],
  "link_7.0_tip": [
    [
      0.011723852716386318,
      0.002031380543485284,
      0.001289391191676259
    ]
  ],
  "link_0.0": [
    [
      0.009800000116229057,
      6.573292193934321e-05,
      0.009562387131154537
    ]
  ],
  "link_1.0": [
    [
      0.009800000116229057,
      -0.00037993863224983215,
      0.030817067250609398
    ]
  ],
  "link_2.0": [
    [
      0.009800000116229057,
      -0.00033959155553020537,
      0.020101547241210938
    ]
  ],
  "link_3.0": [
    [
      0.009800000116229057,
      0.000315908866468817,
      0.009044816717505455
    ]
  ],
  "link_3.0_tip": [
    [
      0.01197274960577488,
      0.0004918964696116745,
      -0.002328289207071066
    ]
  ],
  "link_12.0": [
    [
      0.0,
      0.01896594651043415,
      0.01379131618887186
    ]
  ],
  "link_13.0": [
    [
      0.009800000116229057,
      0.00042345497058704495,
      0.012751473113894463
    ]
  ],
  "link_14.0": [
    [
      0.009800000116229057,
      0.00039743041270412505,
      0.028168316930532455
    ]
  ],
  "link_15.0": [
    [
      0.009800000116229057,
      0.000271879427600652,
      0.01827491819858551
    ]
  ],
  "link_15.0_tip": [
    [
      0.011926164850592613,
      -0.00012466585030779243,
      0.0010688737966120243
    ]
  ]
}