{
  "base_link": [
    [
      0.011699999682605267,
      0.0023463338147848845,
      -0.021572094410657883
    ]
  ],
  "link_8.0": [
    [
      0.009800000116229057,
      0.0015334982890635729,
      0.011374379508197308
    ]
  ],
  "link_9.0": [
    [
      0.009800000116229057,
      -0.0004836744337808341,
      0.034540291875600815
    ]
  ],
  "link_10.0": [
    [
      0.009800000116229057,
      0.0002086389868054539,
      0.021607907488942146
    ]
  ],
  "link_11.0": [
    [
      0.009800000116229057,
      0.0009876365074887872,
      0.007679922506213188
    ]
  ],
  "link_11.0_tip": [
    [
      0.011791995726525784,
      0.0020914641208946705,
      -0.00014153888332657516
    ]
  ],
  "link_4.0": [
    [
      0.009800000116229057,
      -0.00033543468452990055,
      0.009865053929388523
    ]
  ],
  "link_5.0": [
    [
      0.009800000116229057,
      0.00024627408129163086,
      0.03655114397406578
    ]
  ],
  "link_6.0": [
    [
      0.009800000116229057,
      0.00028391211526468396,
      0.023458441719412804
    ]
  ],
  "link_7.0": [
    [
      0.009800000116229057,
      -0.0002318241895409301,
      0.009135134518146515
    ]
  ],
  "link_7.0_tip": [
    [
      0.011704698204994202,
      0.0025669997557997704,
      -0.0023453033063560724
    ]
  ],
  "link_3.0_tip": [
    [
      0.011914711445569992,
      0.0013551494339480996,
      -0.0008806785335764289
    ]
  ],
  "link_3.0": [
    [
      0.009800000116229057,
      -3.9625967474421486e-05,
      0.004641557577997446
    ]
  ],
  "link_2.0": [
    [
      0.009800000116229057,
      0.000326210749335587,
      0.02054828591644764
    ]
  ],
  "link_1.0": [
    [
      0.009800000116229057,
      0.0003765338915400207,
      0.039967894554138184
    ]
  ],
  "link_0.0": [
    [
      0.009800000116229057,
      -0.0010418216697871685,
      0.010974621400237083
    ]
  ],
  "link_12.0": [
    [
      -0.0024794854689389467,
      0.026000000536441803,
      0.013726980425417423
    ]
  ],
  "link_13.0": [
    [
      0.009800000116229057,
      0.001004030811600387,
      0.013373852707445621
    ]
  ],
  "link_14.0": [
    [
      0.009800000116229057,
      0.001320875366218388,
      0.02930014580488205
    ]
  ],
  "link_15.0": [
    [
      0.009800000116229057,
      -0.0017436958150938153,
      0.017331765964627266
    ]
  ],
  "link_15.0_tip": [
    [
      0.011683409102261066,
      0.0014668983640149236,
      0.0021839053370058537
    ]
  ]
}